px,py,pz,qx,qy,qz,qw
0.333320,0.081987,0.498311,-0.00011616,0.00033735,0.00013888,0.99999993
0.333320,0.081987,0.498311,-0.00011616,0.00033735,0.00013888,0.99999993
0.333189,0.081144,0.498741,0.00014095,0.00074312,-0.00032012,0.99999966
0.333058,0.080302,0.499170,0.00039805,0.00114888,-0.00077912,0.99999896
0.332927,0.079459,0.499599,0.00065514,0.00155463,-0.00123811,0.99999781
0.332525,0.079275,0.499274,0.00125642,0.00096078,-0.00210865,0.99999653
0.332123,0.079091,0.498949,0.00185780,0.00036683,-0.00297934,0.99999377
0.331720,0.078908,0.498624,0.00245897,-0.00022691,-0.00384971,0.99998954
0.330997,0.077494,0.499977,0.00347004,-0.00294619,-0.00590732,0.99997219
0.330274,0.076080,0.501331,0.00448112,-0.00566555,-0.00796495,0.99994219
0.329550,0.074666,0.502685,0.00549221,-0.00838503,-0.01002261,0.99989953
0.329586,0.076202,0.502290,0.00842939,-0.00997967,-0.01102737,0.99985386
0.329621,0.077739,0.501896,0.01136652,-0.01157420,-0.01203201,0.99979601
0.329656,0.079275,0.501501,0.01430362,-0.01316866,-0.01303655,0.99972598
0.330295,0.080030,0.500848,0.01319181,-0.01376176,-0.01654133,0.99968144
0.330933,0.080785,0.500195,0.01207987,-0.01435463,-0.02004570,0.99962302
0.331571,0.081540,0.499541,0.01096774,-0.01494733,-0.02354989,0.99955074
0.332366,0.082836,0.497822,0.00954221,-0.01442916,-0.02533209,0.99952940
0.333161,0.084131,0.496102,0.00811658,-0.01391089,-0.02711420,0.99950259
0.333956,0.085426,0.494382,0.00669091,-0.01339255,-0.02889617,0.99947030
0.331513,0.082217,0.497588,0.00819943,-0.01127483,-0.02748428,0.99952502
0.329069,0.079009,0.500795,0.00970790,-0.00915696,-0.02607212,0.99957098
0.326625,0.075800,0.504001,0.01121631,-0.00703898,-0.02465972,0.99960820
0.328432,0.077968,0.501503,0.01249913,-0.00889836,-0.02498238,0.99957014
0.330239,0.080136,0.499004,0.01378183,-0.01075763,-0.02530491,0.99952689
0.332046,0.082304,0.496505,0.01506448,-0.01261689,-0.02562731,0.99947842
0.331403,0.082867,0.495775,0.01628068,-0.01571834,-0.02657131,0.99939073
0.330760,0.083430,0.495045,0.01749661,-0.01881944,-0.02751494,0.99929106
0.330116,0.083993,0.494315,0.01871234,-0.02192034,-0.02845825,0.99917940
0.329140,0.083604,0.495155,0.02060072,-0.02264699,-0.02815511,0.99913463
0.328164,0.083215,0.495996,0.02248799,-0.02337315,-0.02785202,0.99908571
0.327188,0.082827,0.496836,0.02437556,-0.02409937,-0.02754875,0.99903259
0.327992,0.082849,0.495549,0.02312045,-0.02296454,-0.02738201,0.99909374
0.328795,0.082871,0.494263,0.02186531,-0.02182970,-0.02721520,0.99915199
0.329599,0.082893,0.492976,0.02061006,-0.02069474,-0.02704831,0.99920736
0.328187,0.080277,0.496085,0.02000548,-0.01811364,-0.02499939,0.99932312
0.326777,0.077661,0.499194,0.01940070,-0.01553247,-0.02295029,0.99942766
0.325365,0.075045,0.502303,0.01879564,-0.01295081,-0.02090069,0.99952097
0.325893,0.075491,0.501925,0.01919742,-0.01420440,-0.02192980,0.99947425
0.326422,0.075938,0.501547,0.01959918,-0.01545804,-0.02295893,0.99942474
0.326950,0.076385,0.501169,0.02000090,-0.01671167,-0.02398802,0.99937243
0.324687,0.075007,0.502678,0.02167196,-0.01749411,-0.02392084,0.99932581
0.322425,0.073630,0.504188,0.02334295,-0.01827649,-0.02385358,0.99927578
0.320162,0.072252,0.505698,0.02501437,-0.01905904,-0.02378621,0.99922232
0.322290,0.074217,0.503561,0.02483228,-0.01724649,-0.02245885,0.99929051
0.324419,0.076181,0.501422,0.02465002,-0.01543343,-0.02113107,0.99935362
0.326548,0.078146,0.499284,0.02446763,-0.01362018,-0.01980309,0.99941166
0.327969,0.079387,0.498605,0.02638540,-0.01656276,-0.01971188,0.99932023
0.329390,0.080628,0.497927,0.02830295,-0.01950528,-0.01962042,0.99921646
0.330812,0.081868,0.497248,0.03022006,-0.02244743,-0.01952872,0.99910034
0.329438,0.080231,0.498717,0.02946344,-0.02268540,-0.02188001,0.99906884
0.328065,0.078594,0.500185,0.02870683,-0.02292317,-0.02423055,0.99903119
0.326691,0.076957,0.501653,0.02794991,-0.02316083,-0.02658135,0.99898739
0.327467,0.078475,0.499955,0.02461676,-0.02304851,-0.02947292,0.99899656
0.328243,0.079992,0.498256,0.02128324,-0.02293574,-0.03236380,0.99898627
0.329019,0.081510,0.496557,0.01794910,-0.02282252,-0.03525425,0.99895651
0.329426,0.082168,0.495550,0.01643669,-0.02205859,-0.03527162,0.99899908
0.329833,0.082826,0.494543,0.01492420,-0.02129459,-0.03528888,0.99903879
0.330241,0.083485,0.493535,0.01341167,-0.02053053,-0.03530604,0.99907563
0.327051,0.078948,0.497476,0.01422782,-0.01873218,-0.03331778,0.99916795
0.323863,0.074412,0.501415,0.01504379,-0.01693382,-0.03132942,0.99925242
0.320674,0.069876,0.505356,0.01585973,-0.01513513,-0.02934058,0.99932904
0.322865,0.072522,0.502914,0.01776941,-0.01443810,-0.02775051,0.99935264
0.325054,0.075165,0.500475,0.01967733,-0.01374157,-0.02616161,0.99936957
0.327244,0.077810,0.498034,0.02158624,-0.01304454,-0.02457161,0.99937986
0.328273,0.079227,0.497019,0.02190376,-0.01276244,-0.02447864,0.99937888
0.329302,0.080645,0.496003,0.02222131,-0.01248032,-0.02438565,0.99937770
0.330331,0.082062,0.494987,0.02253885,-0.01219819,-0.02429266,0.99937634
0.330193,0.081434,0.494882,0.02298735,-0.01178369,-0.02456871,0.99936435
0.330054,0.080807,0.494777,0.02343582,-0.01136922,-0.02484474,0.99935191
0.329916,0.080179,0.494672,0.02388429,-0.01095472,-0.02512077,0.99933902
0.328225,0.078716,0.496212,0.02353970,-0.01075699,-0.02570596,0.99933447
0.326534,0.077253,0.497752,0.02319498,-0.01055919,-0.02629135,0.99932941
0.324844,0.075791,0.499291,0.02285049,-0.01036151,-0.02687632,0.99932385
0.324094,0.075388,0.500366,0.02174234,-0.00917413,-0.02712937,0.99935334
0.323345,0.074986,0.501442,0.02063416,-0.00798674,-0.02738234,0.99938013
0.322595,0.074583,0.502517,0.01952585,-0.00679925,-0.02763526,0.99940422
0.324160,0.074639,0.502170,0.01940160,-0.00678145,-0.02697018,0.99942493
0.325725,0.074696,0.501823,0.01927735,-0.00676365,-0.02630509,0.99944519
0.327290,0.074752,0.501476,0.01915308,-0.00674584,-0.02563996,0.99946498
0.326901,0.074058,0.502929,0.01864094,-0.00840086,-0.02475968,0.99948432
0.326511,0.073364,0.504382,0.01812875,-0.01005579,-0.02387934,0.99949988
0.326121,0.072670,0.505835,0.01761648,-0.01171071,-0.02299890,0.99951167
0.326676,0.072458,0.506588,0.01299587,-0.01098426,-0.02267221,0.99959813
0.327231,0.072247,0.507341,0.00837536,-0.01025763,-0.02234504,0.99966261
0.327785,0.072035,0.508094,0.00375424,-0.00953070,-0.02201735,0.99970511
0.328212,0.072486,0.507683,0.00174675,-0.00483587,-0.01656308,0.99984960
0.328638,0.072937,0.507271,-0.00026086,-0.00014073,-0.01110783,0.99993826
0.329064,0.073387,0.506860,-0.00226860,0.00455477,-0.00565156,0.99997108
0.330173,0.077245,0.503492,-0.00217486,0.00404617,-0.00470723,0.99997837
0.331281,0.081103,0.500124,-0.00208109,0.00353742,-0.00376262,0.99998450
0.332390,0.084959,0.496758,-0.00198737,0.00302897,-0.00281857,0.99998947
0.332746,0.084669,0.497510,-0.00094952,0.00227966,-0.00198689,0.99999498
0.333101,0.084380,0.498261,0.00008794,0.00153063,-0.00115550,0.99999816
0.333457,0.084090,0.499013,0.00112557,0.00078147,-0.00032399,0.99999901
0.333183,0.083790,0.499226,0.00076083,0.00177545,0.00138846,0.99999717
0.332908,0.083490,0.499438,0.00039610,0.00276941,0.00310088,0.99999128
0.332634,0.083190,0.499650,0.00003135,0.00376338,0.00481333,0.99998133
0.332836,0.083176,0.499113,-0.00069141,0.00451728,0.00520608,0.99997601
0.333038,0.083162,0.498576,-0.00141414,0.00527115,0.00559881,0.99996943
0.333240,0.083149,0.498038,-0.00213691,0.00602505,0.00599155,0.99996162
0.334218,0.085029,0.495923,-0.00292248,0.00481998,0.00491850,0.99997202
0.335195,0.086910,0.493807,-0.00370804,0.00361489,0.00384545,0.99997920
0.336172,0.088791,0.491692,-0.00449361,0.00240977,0.00277236,0.99998316
0.335725,0.086893,0.493442,-0.00365467,0.00142494,0.00244262,0.99998932
0.335278,0.084995,0.495193,-0.00281575,0.00044015,0.00211290,0.99999371
0.334831,0.083097,0.496944,-0.00197680,-0.00054469,0.00178315,0.99999631
0.334497,0.082000,0.498353,0.00019507,-0.00201380,0.00129709,0.99999711
0.334164,0.080902,0.499763,0.00236694,-0.00348290,0.00081101,0.99999080
0.333830,0.079805,0.501173,0.00453875,-0.00495193,0.00032494,0.99997739
0.333947,0.077969,0.502245,0.00339905,-0.00385073,-0.00043913,0.99998671
0.334063,0.076134,0.503317,0.00225942,-0.00274961,-0.00120314,0.99999294
0.334179,0.074298,0.504389,0.00111967,-0.00164836,-0.00196722,0.99999608
0.334143,0.075876,0.502673,-0.00050430,-0.00178061,-0.00377275,0.99999117
0.334107,0.077453,0.500957,-0.00212826,-0.00191283,-0.00557823,0.99998035
0.334072,0.079031,0.499242,-0.00375232,-0.00204506,-0.00738382,0.99996361
0.333184,0.078147,0.500310,-0.00403214,-0.00284469,-0.00885370,0.99994863
0.332297,0.077263,0.501378,-0.00431194,-0.00364429,-0.01032352,0.99993077
0.331410,0.076379,0.502447,-0.00459174,-0.00444393,-0.01179341,0.99991004
0.332367,0.077523,0.501904,-0.00395480,-0.00563861,-0.01369955,0.99988244
0.333324,0.078668,0.501361,-0.00331766,-0.00683357,-0.01560613,0.99984936
0.334281,0.079812,0.500819,-0.00268083,-0.00802790,-0.01751166,0.99981084
0.334395,0.081438,0.499343,-0.00284003,-0.00952030,-0.01926597,0.99976503
0.334510,0.083063,0.497868,-0.00299919,-0.01101229,-0.02101977,0.99971391
0.334624,0.084689,0.496393,-0.00315835,-0.01250444,-0.02277369,0.99965745
0.333876,0.083689,0.497476,-0.00188820,-0.01422940,-0.02294465,0.99963368
0.333128,0.082689,0.498560,-0.00061797,-0.01595440,-0.02311551,0.99960530
0.332379,0.081690,0.499643,0.00065223,-0.01767928,-0.02328626,0.99957229
0.331568,0.080104,0.501265,0.00522277,-0.01821399,-0.02101580,0.99959957
0.330758,0.078519,0.502886,0.00978924,-0.01874775,-0.01874674,0.99960055
0.329947,0.076934,0.504508,0.01435744,-0.01928126,-0.01647620,0.99957523
0.330781,0.077844,0.503205,0.01375745,-0.01908499,-0.01667374,0.99958415
0.331614,0.078754,0.501902,0.01315748,-0.01888872,-0.01687127,0.99959265
0.332448,0.079664,0.500599,0.01255737,-0.01869240,-0.01706884,0.99960070
0.333765,0.081874,0.498097,0.00854760,-0.01623829,-0.01822653,0.99966547
0.335083,0.084084,0.495595,0.00453715,-0.01378350,-0.01938394,0.99970680
0.336401,0.086294,0.493092,0.00052518,-0.01132752,-0.02054129,0.99972470
0.333127,0.082065,0.497322,0.00328241,-0.00967429,-0.01793337,0.99978699
0.329852,0.077834,0.501555,0.00604057,-0.00802031,-0.01532422,0.99983216
0.326577,0.073603,0.505787,0.00879855,-0.00636622,-0.01271486,0.99986018
0.327650,0.074430,0.505112,0.00890014,-0.00827927,-0.01339715,0.99983637
0.328722,0.075256,0.504437,0.00900169,-0.01019223,-0.01407937,0.99980841
0.329795,0.076082,0.503762,0.00910320,-0.01210521,-0.01476155,0.99977632
0.330143,0.076134,0.503709,0.00868591,-0.01331499,-0.01597636,0.99974598
0.330491,0.076185,0.503657,0.00826859,-0.01452473,-0.01719113,0.99971252
0.330840,0.076236,0.503604,0.00785124,-0.01573443,-0.01840585,0.99967595
0.331320,0.077876,0.502094,0.00686004,-0.01573568,-0.01835121,0.99968423
0.331801,0.079515,0.500583,0.00586886,-0.01573690,-0.01829655,0.99969152
0.332282,0.081155,0.499072,0.00487755,-0.01573812,-0.01824186,0.99969783
0.331537,0.081148,0.500149,0.00535676,-0.01685362,-0.01826695,0.99967674
0.330791,0.081141,0.501227,0.00583620,-0.01796962,-0.01829203,0.99965416
0.330046,0.081134,0.502303,0.00631524,-0.01908470,-0.01831706,0.99963012
0.330466,0.080521,0.502870,0.00800177,-0.01830499,-0.01658403,0.99966288
0.330885,0.079908,0.503437,0.00968828,-0.01752514,-0.01485085,0.99968918
0.331304,0.079295,0.504004,0.01137478,-0.01674515,-0.01311752,0.99970903
0.331557,0.079816,0.503343,0.01135406,-0.01483939,-0.01151526,0.99975911
0.331810,0.080337,0.502683,0.01133328,-0.01293358,-0.00991297,0.99980299
0.332062,0.080857,0.502022,0.01131242,-0.01102761,-0.00831054,0.99984067
0.331982,0.080831,0.502585,0.01051776,-0.01104548,-0.00801295,0.99985157
0.331903,0.080805,0.503147,0.00972308,-0.01106334,-0.00771535,0.99986176
0.331823,0.080779,0.503710,0.00892839,-0.01108119,-0.00741774,0.99987123
0.332113,0.080399,0.504627,0.00863384,-0.01092851,-0.00743122,0.99987539
0.332404,0.080019,0.505544,0.00833931,-0.01077585,-0.00744471,0.99987945
0.332695,0.079639,0.506460,0.00804472,-0.01062315,-0.00745819,0.99988340
0.332206,0.079322,0.506458,0.00939239,-0.01172138,-0.00782230,0.99985659
0.331718,0.079005,0.506455,0.01074024,-0.01281974,-0.00818644,0.99982663
0.331229,0.078688,0.506453,0.01208808,-0.01391808,-0.00855056,0.99979351
0.330647,0.078168,0.506439,0.01161690,-0.01258733,-0.00844470,0.99981763
0.330064,0.077648,0.506425,0.01114568,-0.01125652,-0.00833883,0.99983975
0.329481,0.077128,0.506410,0.01067442,-0.00992563,-0.00823294,0.99985987
0.329000,0.076571,0.507065,0.01032340,-0.01057081,-0.00940934,0.99984656
0.328519,0.076013,0.507719,0.00997235,-0.01121598,-0.01058575,0.99983133
0.328037,0.075455,0.508373,0.00962116,-0.01186134,-0.01176254,0.99981417
0.328122,0.075472,0.508256,0.01021202,-0.01261084,-0.01260369,0.99978889
0.328208,0.075489,0.508138,0.01080306,-0.01336059,-0.01344511,0.99976198
0.328293,0.075507,0.508020,0.01139410,-0.01411033,-0.01428653,0.99973345
0.328658,0.076612,0.506829,0.01001665,-0.01226422,-0.01281314,0.99979252
0.329024,0.077717,0.505639,0.00864027,-0.01041955,-0.01134086,0.99984407
0.329389,0.078822,0.504448,0.00726318,-0.00857396,-0.00986782,0.99988817
0.329157,0.079457,0.504941,0.00577465,-0.00673341,-0.00812899,0.99992761
0.328924,0.080092,0.505434,0.00428626,-0.00489304,-0.00639031,0.99995842
0.328692,0.080727,0.505927,0.00279774,-0.00305252,-0.00465147,0.99998061
0.329004,0.081661,0.505881,0.00101802,-0.00263480,-0.00520265,0.99998248
0.329317,0.082595,0.505835,-0.00076167,-0.00221708,-0.00575379,0.99998070
0.329629,0.083529,0.505790,-0.00254137,-0.00179936,-0.00630492,0.99997528
0.329698,0.082707,0.506491,-0.00235667,-0.00268501,-0.00830096,0.99995916
0.329767,0.081886,0.507192,-0.00217192,-0.00357081,-0.01029732,0.99993825
0.329836,0.081065,0.507894,-0.00198723,-0.00445626,-0.01229289,0.99991253
0.329524,0.080374,0.507527,-0.00142672,-0.00644084,-0.01341302,0.99988828
0.329212,0.079683,0.507160,-0.00086623,-0.00842532,-0.01453303,0.99985852
0.328899,0.078992,0.506793,-0.00030571,-0.01040980,-0.01565299,0.99982325
0.328153,0.078337,0.507109,0.00158263,-0.01052777,-0.01595068,0.99981610
0.327406,0.077682,0.507424,0.00347066,-0.01064567,-0.01624825,0.99980529
0.326659,0.077027,0.507740,0.00535942,-0.01076359,-0.01654589,0.99979081
0.326469,0.076667,0.509092,0.00381592,-0.00943318,-0.01735571,0.99979760
0.326278,0.076306,0.510445,0.00227199,-0.00810236,-0.01816567,0.99979958
0.326088,0.075946,0.511797,0.00072799,-0.00677145,-0.01897558,0.99979675
0.326409,0.076851,0.510350,-0.00004414,-0.00620338,-0.01890572,0.99980203
0.326729,0.077756,0.508902,-0.00081627,-0.00563531,-0.01883585,0.99980638
0.327050,0.078661,0.507455,-0.00158836,-0.00506726,-0.01876596,0.99980980
0.327048,0.077828,0.507636,-0.00181044,-0.00574538,-0.01831274,0.99981416
0.327047,0.076995,0.507818,-0.00203249,-0.00642342,-0.01785955,0.99981781
0.327045,0.076161,0.507999,-0.00225456,-0.00710149,-0.01740633,0.99982074
0.327511,0.075988,0.508546,-0.00287018,-0.00640922,-0.01599219,0.99984746
0.327978,0.075814,0.509093,-0.00348580,-0.00571693,-0.01457800,0.99987132
0.328444,0.075640,0.509639,-0.00410140,-0.00502463,-0.01316378,0.99989232
0.328815,0.075837,0.509724,-0.00315063,-0.00453682,-0.01086852,0.99992568
0.329185,0.076034,0.509808,-0.00220103,-0.00404959,-0.00857607,0.99995260
0.329555,0.076232,0.509892,-0.00125076,-0.00356200,-0.00628198,0.99997314
0.330194,0.076615,0.509900,0.00045098,-0.00395505,-0.00405103,0.99998387
0.330832,0.076998,0.509907,0.00215270,-0.00434806,-0.00182007,0.99998657
0.331471,0.077381,0.509915,0.00385450,-0.00474107,0.00041105,0.99998125
0.331288,0.076993,0.509959,0.00445538,-0.00481027,0.00155548,0.99997730
0.331105,0.076604,0.510004,0.00505622,-0.00487945,0.00269983,0.99997167
0.330922,0.076216,0.510049,0.00565718,-0.00494864,0.00384443,0.99996436
0.330609,0.075486,0.509630,0.00473199,-0.00408292,0.00402559,0.99997237
0.330297,0.074757,0.509211,0.00380770,-0.00321807,0.00420657,0.99997872
0.329985,0.074028,0.508793,0.00288290,-0.00235272,0.00438764,0.99998345
0.330032,0.073610,0.509192,0.00368714,-0.00268598,0.00515426,0.99997631
0.330078,0.073192,0.509591,0.00449140,-0.00301925,0.00592091,0.99996783
0.330124,0.072775,0.509989,0.00529554,-0.00335247,0.00668743,0.99995800
0.329800,0.072897,0.509904,0.00569167,-0.00361046,0.00520220,0.99996375
0.329476,0.073019,0.509820,0.00608764,-0.00386834,0.00371751,0.99996708
0.329152,0.073141,0.509735,0.00648363,-0.00412623,0.00223266,0.99996798
0.329328,0.074543,0.508317,0.00534967,-0.00099161,-0.00004765,0.99998520
0.329505,0.075945,0.506900,0.00421561,0.00214307,-0.00232800,0.99998611
0.329681,0.077347,0.505483,0.00308148,0.00527775,-0.00460834,0.99997071
0.328718,0.077787,0.506484,0.00256568,0.00353269,-0.00697091,0.99996617
0.327755,0.078227,0.507486,0.00204987,0.00178763,-0.00933338,0.99995274
0.326792,0.078666,0.508487,0.00153407,0.00004265,-0.01169563,0.99993043
0.326190,0.079207,0.509491,0.00008298,-0.00320614,-0.01340739,0.99990497
0.325588,0.079747,0.510494,-0.00136807,-0.00645478,-0.01511888,0.99986393
0.324985,0.080287,0.511497,-0.00281915,-0.00970342,-0.01683019,0.99980730
0.324879,0.080318,0.510975,-0.00289006,-0.01051209,-0.01736287,0.99978982
0.324773,0.080349,0.510452,-0.00296096,-0.01132064,-0.01789546,0.99977139
0.324666,0.080379,0.509929,-0.00303187,-0.01212926,-0.01842809,0.99975202
0.324956,0.080755,0.509661,-0.00362028,-0.01054169,-0.01716593,0.99979053
0.325245,0.081131,0.509393,-0.00420866,-0.00895413,-0.01590374,0.99982458
0.325535,0.081507,0.509126,-0.00479700,-0.00736658,-0.01464152,0.99985416
0.326283,0.082178,0.508901,-0.00535969,-0.00592251,-0.01158037,0.99990104
0.327030,0.082849,0.508677,-0.00592225,-0.00447855,-0.00851945,0.99993614
0.327778,0.083520,0.508453,-0.00648478,-0.00303444,-0.00545824,0.99995947
0.328483,0.083732,0.508002,-0.00575284,-0.00120261,-0.00356717,0.99997637
0.329188,0.083944,0.507551,-0.00502084,0.00062927,-0.00167604,0.99998579
0.329893,0.084156,0.507101,-0.00428882,0.00246111,0.00021507,0.99998775
0.330016,0.084372,0.506329,-0.00407387,0.00438864,0.00106151,0.99998151
0.330139,0.084589,0.505558,-0.00385908,0.00631452,0.00190722,0.99997080
0.330261,0.084805,0.504786,-0.00364418,0.00824120,0.00275329,0.99995561
0.330214,0.084986,0.504931,-0.00340399,0.00814010,0.00306927,0.99995636
0.330166,0.085167,0.505076,-0.00316376,0.00803898,0.00338531,0.99995695
0.330119,0.085348,0.505221,-0.00292359,0.00793789,0.00370126,0.99995737
0.329542,0.085109,0.505626,-0.00260397,0.00650530,0.00318717,0.99997037
0.328966,0.084871,0.506031,-0.00228437,0.00507281,0.00267312,0.99998095
0.328389,0.084632,0.506437,-0.00196473,0.00364018,0.00215902,0.99998911
0.328357,0.084451,0.506465,-0.00231121,0.00298520,0.00160417,0.99999159
0.328325,0.084269,0.506493,-0.00265766,0.00233029,0.00104938,0.99999320
0.328292,0.084087,0.506521,-0.00300413,0.00167532,0.00049454,0.99999396
0.329304,0.084015,0.506083,-0.00304762,0.00235212,0.00099558,0.99999209
0.330315,0.083944,0.505645,-0.00309110,0.00302884,0.00149656,0.99998952
0.331326,0.083872,0.505207,-0.00313459,0.00370562,0.00199758,0.99998623
0.331414,0.083993,0.504997,-0.00327586,0.00516950,0.00325299,0.99997598
0.331501,0.084115,0.504788,-0.00341711,0.00663333,0.00450837,0.99996200
0.331589,0.084237,0.504578,-0.00355836,0.00809718,0.00576376,0.99994427
0.331788,0.084516,0.503526,-0.00382830,0.00976539,0.00764361,0.99991577
0.331987,0.084794,0.502473,-0.00409823,0.01143358,0.00952345,0.99988088
0.332186,0.085072,0.501421,-0.00436817,0.01310199,0.01140357,0.99983959
0.332131,0.085896,0.500299,-0.00350747,0.01492172,0.01348072,0.99979163
0.332077,0.086720,0.499177,-0.00264661,0.01674160,0.01555808,0.99973530
0.332022,0.087543,0.498055,-0.00178571,0.01856137,0.01763532,0.99967059
0.331767,0.088263,0.497216,-0.00031912,0.02084833,0.01873831,0.99960698
0.331512,0.088983,0.496377,0.00114742,0.02313502,0.01984108,0.99953478
0.331257,0.089702,0.495538,0.00261394,0.02542147,0.02094367,0.99945399
0.330897,0.089283,0.495859,0.00224947,0.02585567,0.01924332,0.99947792
0.330536,0.088865,0.496179,0.00188525,0.02628948,0.01754406,0.99949863
0.330175,0.088446,0.496500,0.00152090,0.02672336,0.01584419,0.99951614
0.330086,0.087401,0.498021,0.00048892,0.02371394,0.01318632,0.99963170
0.329996,0.086356,0.499542,-0.00054307,0.02070412,0.01052822,0.99973006
0.329906,0.085310,0.501063,-0.00157505,0.01769396,0.00786997,0.99981124
0.329825,0.085417,0.502203,-0.00177518,0.01478993,0.00668567,0.99986670
0.329744,0.085524,0.503343,-0.00197539,0.01188433,0.00550073,0.99991230
0.329663,0.085631,0.504482,-0.00217539,0.00898146,0.00431689,0.99994798
0.329681,0.085892,0.503950,-0.00202942,0.00952248,0.00489827,0.99994060
0.329698,0.086152,0.503419,-0.00188345,0.01006347,0.00547962,0.99993257
0.329716,0.086412,0.502887,-0.00173748,0.01060449,0.00606100,0.99992389
0.329659,0.086483,0.502746,-0.00156816,0.01175817,0.00658044,0.99990799
0.329603,0.086553,0.502605,-0.00139884,0.01291184,0.00709988,0.99989045
0.329547,0.086624,0.502464,-0.00122951,0.01406556,0.00761933,0.99987129
0.329563,0.086841,0.501718,-0.00013561,0.01549146,0.00847214,0.99984410
0.329578,0.087058,0.500973,0.00095771,0.01691654,0.00932445,0.99981297
0.329594,0.087275,0.500227,0.00205137,0.01834199,0.01017699,0.99977787
0.329942,0.087410,0.500544,0.00212761,0.01787662,0.01062028,0.99978153
0.330290,0.087546,0.500861,0.00220385,0.01741126,0.01106354,0.99978477
0.330638,0.087681,0.501178,0.00228013,0.01694563,0.01150705,0.99978759
0.330363,0.087505,0.501335,0.00133102,0.01707146,0.01163469,0.99978569
0.330088,0.087328,0.501492,0.00038145,0.01719733,0.01176239,0.99978285
0.329813,0.087152,0.501649,-0.00056813,0.01732319,0.01189008,0.99977908
0.329746,0.087592,0.501038,-0.00013931,0.01858339,0.01251503,0.99974897
0.329680,0.088033,0.500427,0.00028947,0.01984344,0.01313990,0.99971671
0.329613,0.088474,0.499816,0.00071828,0.02110355,0.01376479,0.99968228
0.329333,0.088810,0.499088,0.00083551,0.02263190,0.01377177,0.99964866
0.329052,0.089146,0.498360,0.00095273,0.02416019,0.01377872,0.99961269
0.328772,0.089482,0.497631,0.00106994,0.02568841,0.01378564,0.99957437
0.328834,0.089062,0.498073,0.00033111,0.02509865,0.01269722,0.99960429
0.328896,0.088642,0.498514,-0.00040769,0.02450887,0.01160880,0.99963212
0.328958,0.088222,0.498955,-0.00114650,0.02391903,0.01052035,0.99965789
0.329024,0.088024,0.499220,-0.00088939,0.02318963,0.01022988,0.99967835
0.329089,0.087825,0.499484,-0.00063243,0.02246061,0.00993956,0.99969812
0.329155,0.087627,0.499748,-0.00037535,0.02173125,0.00964911,0.99971721
0.329054,0.088108,0.499045,0.00019522,0.02246390,0.01058904,0.99969156
0.328954,0.088589,0.498342,0.00076590,0.02319665,0.01152913,0.99966415
0.328853,0.089071,0.497639,0.00133657,0.02392934,0.01246919,0.99963499
0.329215,0.089129,0.497673,0.00177033,0.02406547,0.01362049,0.99961603
0.329577,0.089188,0.497707,0.00220408,0.02420156,0.01477175,0.99959553
0.329939,0.089246,0.497741,0.00263786,0.02433763,0.01592307,0.99957350
0.329926,0.087966,0.498103,0.00282419,0.02423074,0.01803452,0.99953972
0.329914,0.086685,0.498466,0.00301052,0.02412375,0.02014590,0.99950144
0.329902,0.085404,0.498828,0.00319681,0.02401665,0.02225698,0.99945866
0.328940,0.082734,0.500222,0.00060167,0.02513002,0.02486165,0.99937481
0.327977,0.080063,0.501615,-0.00199329,0.02624294,0.02746577,0.99927622
0.327015,0.077393,0.503008,-0.00458824,0.02735548,0.03006949,0.99916288
0.324871,0.074724,0.506172,-0.00772171,0.03037023,0.03179192,0.99900315
0.322726,0.072055,0.509336,-0.01085447,0.03338379,0.03351335,0.99882158
0.320582,0.069386,0.512500,-0.01398732,0.03639694,0.03523422,0.99861813
0.316821,0.067475,0.517506,-0.01496151,0.04111299,0.03707988,0.99835412
0.313059,0.065564,0.522513,-0.01593533,0.04582806,0.03892458,0.99806349
0.309298,0.063653,0.527521,-0.01690874,0.05054201,0.04076829,0.99774623
0.305037,0.061938,0.533646,-0.01507156,0.05541886,0.04314486,0.99741672
0.300776,0.060223,0.539770,-0.01323408,0.06029334,0.04551973,0.99705442
0.296515,0.058508,0.545895,-0.01139606,0.06516614,0.04789326,0.99665929
0.292570,0.055820,0.554803,-0.01020624,0.06833851,0.04868209,0.99642146
0.288625,0.053131,0.563711,-0.00901630,0.07151003,0.04947032,0.99617153
0.284681,0.050443,0.572620,-0.00782621,0.07468077,0.05025797,0.99590947
0.279710,0.047689,0.584642,-0.00828193,0.07714964,0.05113429,0.99567295
0.274738,0.044934,0.596664,-0.00873757,0.07961792,0.05201023,0.99542934
0.269767,0.042180,0.608687,-0.00919318,0.08208575,0.05288584,0.99517863
0.264725,0.039448,0.623033,-0.01055894,0.08516019,0.05404605,0.99484435
0.259688,0.036720,0.637361,-0.01192288,0.08822977,0.05520416,0.99449779
0.254649,0.033990,0.651699,-0.01328750,0.09130009,0.05636226,0.99413834
0.250257,0.031031,0.667009,-0.01313377,0.09485532,0.05727761,0.99375512
0.245865,0.028073,0.682317,-0.01297987,0.09840902,0.05819212,0.99335838
0.241474,0.025114,0.697626,-0.01282579,0.10196138,0.05910583,0.99294807
0.237398,0.022189,0.713177,-0.00989906,0.10583086,0.05996379,0.99252515
0.233321,0.019265,0.728727,-0.00697214,0.10969769,0.06082027,0.99207797
0.229245,0.016340,0.744277,-0.00404518,0.11356167,0.06167522,0.99160655
0.224736,0.014006,0.759589,0.00111111,0.11778135,0.06353291,0.99100448
0.220227,0.011673,0.774900,0.00626704,0.12199510,0.06538742,0.99035469
0.215717,0.009339,0.790211,0.01142286,0.12620313,0.06723885,0.98965712
0.210443,0.006940,0.805752,0.01669204,0.12926537,0.06998139,0.98899669
0.205168,0.004541,0.821294,0.02196075,0.13232193,0.07272093,0.98829161
0.199895,0.002142,0.836834,0.02722775,0.13537212,0.07545681,0.98754205
0.194755,0.000810,0.852884,0.03233617,0.13652911,0.07783912,0.98704369
0.189616,-0.000522,0.868932,0.03744322,0.13768149,0.08021870,0.98651243
0.184477,-0.001854,0.884982,0.04254936,0.13882935,0.08259576,0.98594823
0.176754,0.001259,0.898833,0.04711256,0.13914707,0.08593565,0.98541035
0.169031,0.004372,0.912684,0.05167419,0.13946029,0.08927273,0.98484059
0.161315,0.008129,0.923694,0.05310850,0.13891579,0.09228547,0.98456350
0.153599,0.011887,0.934704,0.05454222,0.13836967,0.09529722,0.98427507
0.145883,0.015644,0.945714,0.05597531,0.13782197,0.09830785,0.98397532
0.137604,0.022363,0.951003,0.05659948,0.13684586,0.10144869,0.98375702
0.129324,0.029081,0.956293,0.05722302,0.13586820,0.10458839,0.98352764
0.121042,0.035803,0.961584,0.05784614,0.13488867,0.10772803,0.98328711
0.112157,0.043337,0.964029,0.05784934,0.13307885,0.11056878,0.98321819
0.103269,0.050875,0.966475,0.05785187,0.13126675,0.11340949,0.98313808
0.094381,0.058413,0.968922,0.05785375,0.12945313,0.11624895,0.98304680
0.086582,0.064551,0.972160,0.05738787,0.12731727,0.11737449,0.98321929
0.078782,0.070689,0.975398,0.05692159,0.12518040,0.11849944,0.98338583
0.070984,0.076826,0.978636,0.05645505,0.12304321,0.11962345,0.98354635
0.065031,0.083330,0.981588,0.05714120,0.12176250,0.12097439,0.98350088
0.059077,0.089833,0.984541,0.05782715,0.12048126,0.12232490,0.98345153
0.053125,0.096336,0.987493,0.05851284,0.11919959,0.12367488,0.98339831
0.050216,0.104671,0.988840,0.06039161,0.11820040,0.12515131,0.98321853
0.047307,0.113006,0.990187,0.06226993,0.11720043,0.12662687,0.98303212
0.044398,0.121340,0.991534,0.06414783,0.11619967,0.12810156,0.98283909
0.045449,0.130361,0.992582,0.06476609,0.11580944,0.12771762,0.98289457
0.046499,0.139383,0.993630,0.06538430,0.11541913,0.12733359,0.98294937
0.047549,0.148404,0.994679,0.06600248,0.11502874,0.12694948,0.98300351
0.052171,0.159452,0.993952,0.06773029,0.11587683,0.12665341,0.98282454
0.056794,0.170500,0.993226,0.06945794,0.11672452,0.12635684,0.98264181
0.061417,0.181550,0.992499,0.07118560,0.11757190,0.12605975,0.98245529
0.069194,0.193992,0.990920,0.07307912,0.12101130,0.12678019,0.98180573
0.076968,0.206427,0.989341,0.07497032,0.12444667,0.12749813,0.98114051
0.084744,0.218867,0.987761,0.07686097,0.12788124,0.12821424,0.98045902
0.094598,0.233488,0.986030,0.08107706,0.13034901,0.13119117,0.97940008
0.104453,0.248109,0.984299,0.08529047,0.13281240,0.13416370,0.97830798
0.114308,0.262730,0.982567,0.08950102,0.13527131,0.13713171,0.97718275
0.123979,0.276536,0.982533,0.09315219,0.13755908,0.13984248,0.97613741
0.133651,0.290342,0.982498,0.09680106,0.13984326,0.14254963,0.97506565
0.143322,0.304147,0.982464,0.10044696,0.14212344,0.14525267,0.97396766
0.151323,0.316116,0.984952,0.10179142,0.14471077,0.14628589,0.97329222
0.159325,0.328086,0.987441,0.10313485,0.14729664,0.14731765,0.97260702
0.167326,0.340055,0.989929,0.10447724,0.14988102,0.14834793,0.97191207
0.173145,0.351522,0.992233,0.10457869,0.15136133,0.14976225,0.97145474
0.178962,0.362987,0.994536,0.10467965,0.15284066,0.15117561,0.97099322
0.184779,0.374453,0.996839,0.10478016,0.15431947,0.15258845,0.97052738
0.190237,0.386357,0.998445,0.10449552,0.15411132,0.15344240,0.97045650
0.195693,0.398258,1.000050,0.10421084,0.15390307,0.15429606,0.97038480
0.201150,0.410160,1.001655,0.10392606,0.15369469,0.15514964,0.97031227
0.205202,0.421556,1.002468,0.10242125,0.15267943,0.15459943,0.97072030
0.209253,0.432950,1.003281,0.10091616,0.15166368,0.15404868,0.97112464
0.213305,0.444346,1.004094,0.09941060,0.15064730,0.15349732,0.97152535
0.214965,0.457918,1.002437,0.09967596,0.14917810,0.15393821,0.97165510
0.216626,0.471491,1.000781,0.09994106,0.14770858,0.15437872,0.97178247
0.218286,0.485064,0.999124,0.10020593,0.14623867,0.15481886,0.97190748
0.219023,0.498559,0.997739,0.09720408,0.14477713,0.15185729,0.97289789
0.219760,0.512054,0.996353,0.09420023,0.14331258,0.14889257,0.97386797
0.220497,0.525549,0.994968,0.09119439,0.14184502,0.14592471,0.97481770
0.220121,0.541747,0.992564,0.08875139,0.13955933,0.14211117,0.97593586
0.219746,0.557943,0.990161,0.08630640,0.13727024,0.13829442,0.97702750
0.219371,0.574139,0.987757,0.08385897,0.13497735,0.13447377,0.97809283
0.217533,0.588998,0.984348,0.08223642,0.13171085,0.13212033,0.97899624
0.215695,0.603855,0.980940,0.08061233,0.12844194,0.12976442,0.97988036
0.213857,0.618712,0.977532,0.07898670,0.12517059,0.12740603,0.98074519
0.212019,0.633571,0.974123,0.07735938,0.12189649,0.12504492,0.98159082
0.210078,0.649191,0.973275,0.07641733,0.11791465,0.12251704,0.98246939
0.208137,0.664811,0.972426,0.07547347,0.11393008,0.11998628,0.98332446
0.206197,0.680432,0.971578,0.07452771,0.10994237,0.11745238,0.98415610
0.203753,0.695455,0.972055,0.07322791,0.10741810,0.11500841,0.98482084
0.201309,0.710479,0.972532,0.07192703,0.10489226,0.11256275,0.98547133
0.198866,0.725502,0.973008,0.07062509,0.10236484,0.11011541,0.98610757
0.197866,0.737570,0.974268,0.06902564,0.10150321,0.10771370,0.98657504
0.196866,0.749637,0.975527,0.06742574,0.10064075,0.10531127,0.98703330
0.195866,0.761707,0.976786,0.06582469,0.09977708,0.10290709,0.98748254
0.196587,0.773913,0.977093,0.06575883,0.09999182,0.10183531,0.98757632
0.197306,0.786101,0.977400,0.06569297,0.10020614,0.10076497,0.98766876
0.198027,0.798300,0.977707,0.06562698,0.10042052,0.09969352,0.98776010
0.200882,0.810319,0.977179,0.06790288,0.10027255,0.09928217,0.98766273
0.203737,0.822337,0.976650,0.07017839,0.10012403,0.09887029,0.98756004
0.206592,0.834356,0.976121,0.07245367,0.09997497,0.09845786,0.98745204
0.210951,0.846030,0.975017,0.07489601,0.10060423,0.09797767,0.98725364
0.215313,0.857709,0.973913,0.07733892,0.10123309,0.09749663,0.98704861
0.219670,0.869378,0.972810,0.07977917,0.10186073,0.09701536,0.98683722
0.225428,0.881480,0.970224,0.08003535,0.10376258,0.09611080,0.98670684
0.231189,0.893588,0.967636,0.08029131,0.10566494,0.09520534,0.98657193
0.236944,0.905683,0.965052,0.08054663,0.10756483,0.09430040,0.98643271
0.244837,0.918218,0.961731,0.07909173,0.10930709,0.09348987,0.98643606
0.252737,0.930764,0.958408,0.07763500,0.11105035,0.09267805,0.98643368
0.260613,0.943273,0.955094,0.07618224,0.11278768,0.09186814,0.98642559
0.269931,0.957036,0.950290,0.07498844,0.11489741,0.09238840,0.98622498
0.279263,0.970819,0.945479,0.07379239,0.11700958,0.09290886,0.98601794
0.288572,0.984568,0.940679,0.07259886,0.11911577,0.09342746,0.98580533
0.297840,0.996575,0.936961,0.06983298,0.12044621,0.09332426,0.98585326
0.307115,1.008593,0.933240,0.06706392,0.12177672,0.09322010,0.98589192
0.316374,1.020589,0.929526,0.06429948,0.12310356,0.09311525,0.98592121
0.324173,1.031618,0.925747,0.06291226,0.12308819,0.09205550,0.98611213
0.331977,1.042654,0.921965,0.06152386,0.12307243,0.09099473,0.98630013
0.339770,1.053674,0.918189,0.06013740,0.12305631,0.08993529,0.98648481
0.345828,1.062632,0.914363,0.05850199,0.12182883,0.08726765,0.98697498
0.351889,1.071593,0.910535,0.05686524,0.12059945,0.08459792,0.98745395
0.357945,1.080547,0.906710,0.05522938,0.11936984,0.08192974,0.98792109
0.362251,1.089046,0.901259,0.05335356,0.11663735,0.07696616,0.98874938
0.366553,1.097538,0.895814,0.05147757,0.11390320,0.07200444,0.98954105
0.370850,1.106018,0.890376,0.04960232,0.11116872,0.06704700,0.99029583
0.374112,1.114245,0.883023,0.04802384,0.10733819,0.05978646,0.99126071
0.377375,1.122471,0.875671,0.04644202,0.10350020,0.05252195,0.99215538
0.380637,1.130697,0.868319,0.04485699,0.09965508,0.04525410,0.99297975
0.383514,1.139591,0.859212,0.04212077,0.09557073,0.03686185,0.99384772
0.386392,1.148486,0.850103,0.03938024,0.09147683,0.02846520,0.99462099
0.389270,1.157382,0.840994,0.03663585,0.08737405,0.02006552,0.99529943
0.392269,1.166878,0.830032,0.03324486,0.08362591,0.01193837,0.99587096
0.395269,1.176376,0.819068,0.02985033,0.07986954,0.00380898,0.99635100
0.398269,1.185874,0.808104,0.02645296,0.07610572,-0.00432100,0.99673943
0.403149,1.194730,0.796218,0.02458788,0.07398657,-0.01077310,0.99689787
0.408071,1.203661,0.784231,0.02270564,0.07184562,-0.01727973,0.99700756
0.412911,1.212442,0.772446,0.02085400,0.06973721,-0.02367589,0.99706634
0.418610,1.219347,0.760607,0.02039689,0.06759515,-0.02915830,0.99707806
0.424337,1.226285,0.748711,0.01993686,0.06544037,-0.03466617,0.99705483
0.430000,1.233145,0.736948,0.01948126,0.06330735,-0.04011143,0.99699736
0.435364,1.238239,0.727848,0.01904005,0.05528041,-0.04555378,0.99724942
0.440727,1.243332,0.718748,0.01859706,0.04724851,-0.05099166,0.99740743
0.446091,1.248426,0.709648,0.01815229,0.03921178,-0.05642498,0.99747138
0.450686,1.252737,0.701609,0.01826482,0.03080602,-0.05969509,0.99757400
0.455281,1.257049,0.693567,0.01837590,0.02239542,-0.06296126,0.99759543
0.459875,1.261360,0.685529,0.01848543,0.01398658,-0.06622090,0.99753569
0.464532,1.264828,0.676925,0.02026037,0.01156816,-0.06680480,0.99749326
0.469190,1.268296,0.668320,0.02203516,0.00914960,-0.06738809,0.99744152
0.473847,1.271764,0.659715,0.02380981,0.00673085,-0.06797077,0.99738045
0.476944,1.274076,0.653481,0.02411324,0.00468421,-0.06884466,0.99732493
0.480041,1.276388,0.647245,0.02441668,0.00263674,-0.06971856,0.99726436
0.483136,1.278699,0.641014,0.02471973,0.00059100,-0.07059135,0.99719880
0.484853,1.280724,0.635592,0.02278406,-0.00118301,-0.07259987,0.99710017
0.486569,1.282747,0.630176,0.02085014,-0.00295517,-0.07460551,0.99699075
0.488285,1.284771,0.624757,0.01891501,-0.00472821,-0.07661136,0.99687039
0.490169,1.287175,0.618681,0.01698075,-0.00662216,-0.07888257,0.99671728
0.492052,1.289579,0.612605,0.01504633,-0.00851598,-0.08115272,0.99655172
0.493936,1.291983,0.606528,0.01311143,-0.01040997,-0.08342220,0.99637365
0.495489,1.294582,0.599234,0.01367303,-0.01246293,-0.08438687,0.99626130
0.497042,1.297183,0.591936,0.01423481,-0.01451678,-0.08535154,0.99614344
0.498595,1.299782,0.584643,0.01479621,-0.01656942,-0.08631520,0.99602019
0.499933,1.302068,0.577493,0.01671789,-0.01744401,-0.08602177,0.99600024
0.501270,1.304355,0.570342,0.01863963,-0.01831857,-0.08572792,0.99597576
0.502608,1.306641,0.563191,0.02056130,-0.01919307,-0.08543368,0.99594676
0.503512,1.309379,0.555534,0.02063764,-0.01658416,-0.08495440,0.99603303
0.504417,1.312117,0.547878,0.02071384,-0.01397522,-0.08447453,0.99611228
0.505321,1.314855,0.540221,0.02078989,-0.01136593,-0.08399402,0.99618452
0.505349,1.316382,0.534589,0.01874681,-0.00990607,-0.08564075,0.99610044
0.505377,1.317910,0.528956,0.01670347,-0.00844605,-0.08728679,0.99600737
0.505405,1.319437,0.523323,0.01466020,-0.00698611,-0.08893186,0.99590532
0.505120,1.320314,0.518455,0.01293730,-0.00547233,-0.09084342,0.99576611
0.504835,1.321191,0.513587,0.01121438,-0.00395858,-0.09275408,0.99561802
0.504550,1.322069,0.508719,0.00949138,-0.00244481,-0.09466389,0.99546104
0.505711,1.321953,0.506067,0.01053625,0.00140342,-0.09575708,0.99534798
0.506872,1.321837,0.503414,0.01158092,0.00525155,-0.09684861,0.99521789
0.508034,1.321721,0.500761,0.01262544,0.00909978,-0.09793853,0.99507077
0.508368,1.320916,0.500505,0.01366045,0.00994503,-0.09902872,0.99494110
0.508702,1.320111,0.500249,0.01469544,0.01079026,-0.10011862,0.99480846
0.509036,1.319306,0.499994,0.01573040,0.01163548,-0.10120826,0.99467284
0.509141,1.318940,0.500228,0.01583373,0.01086305,-0.10225224,0.99457316
0.509246,1.318574,0.500462,0.01593695,0.01009122,-0.10329520,0.99447186
0.509350,1.318208,0.500696,0.01604019,0.00931905,-0.10433844,0.99436882
0.509232,1.318223,0.500786,0.01562467,0.00873233,-0.10506663,0.99430409
0.509114,1.318237,0.500877,0.01520912,0.00814560,-0.10579472,0.99423831
0.508996,1.318251,0.500967,0.01479356,0.00755886,-0.10652271,0.99417148
0.509239,1.318131,0.501287,0.01438709,0.00600795,-0.10718978,0.99411632
0.509481,1.318011,0.501607,0.01398058,0.00445701,-0.10785654,0.99405817
0.509596,1.317515,0.502499,0.01354674,0.00117311,-0.10865443,0.99398658
0.509710,1.317018,0.503393,0.01311201,-0.00211634,-0.10945240,0.99390330
0.509824,1.316523,0.504283,0.01267856,-0.00539488,-0.11024646,0.99380877
0.509794,1.316255,0.504791,0.01322499,-0.00777893,-0.11089415,0.99371378
0.509763,1.315988,0.505298,0.01377134,-0.01016291,-0.11154112,0.99361242
0.509733,1.315721,0.505806,0.01431760,-0.01254683,-0.11218738,0.99350469
0.509413,1.315298,0.506399,0.01418163,-0.01489270,-0.11295103,0.99338772
0.509093,1.314875,0.506991,0.01404573,-0.01723594,-0.11371317,0.99326480
0.508774,1.314453,0.507583,0.01390964,-0.01958073,-0.11447514,0.99313572
0.508646,1.314133,0.508168,0.01310681,-0.02123994,-0.11501434,0.99305024
0.508519,1.313813,0.508753,0.01230377,-0.02289942,-0.11555322,0.99296107
0.508392,1.313493,0.509338,0.01150068,-0.02455880,-0.11609167,0.99286823
0.508438,1.313351,0.509629,0.01167607,-0.02497182,-0.11613694,0.99285059
0.508484,1.313209,0.509920,0.01185142,-0.02538476,-0.11618218,0.99283274
0.508530,1.313067,0.510210,0.01202679,-0.02579772,-0.11622740,0.99281470
0.508496,1.312936,0.510655,0.01183015,-0.02666860,-0.11615190,0.99280289
0.508461,1.312805,0.511100,0.01163349,-0.02753953,-0.11607631,0.99279027
0.508426,1.312674,0.511545,0.01143684,-0.02841038,-0.11600063,0.99277686
0.508392,1.312543,0.511989,0.01124017,-0.02928120,-0.11592486,0.99276266
0.508225,1.312877,0.511372,0.01025081,-0.02825779,-0.11526409,0.99287996
0.508058,1.313211,0.510754,0.00926143,-0.02723433,-0.11460305,0.99299479
0.507891,1.313546,0.510137,0.00827175,-0.02621051,-0.11394153,0.99310720
0.507892,1.313593,0.509970,0.00730436,-0.02574399,-0.11367340,0.99315772
0.507893,1.313640,0.509803,0.00633757,-0.02527773,-0.11340530,0.99320698
0.507894,1.313686,0.509636,0.00537034,-0.02481123,-0.11313694,0.99325505
0.507987,1.313573,0.509737,0.00544756,-0.02440159,-0.11319120,0.99325860
0.508081,1.313460,0.509838,0.00552477,-0.02399198,-0.11324543,0.99326197
0.508175,1.313347,0.509939,0.00560199,-0.02358233,-0.11329965,0.99326516
0.508129,1.313082,0.510399,0.00618688,-0.02427034,-0.11366653,0.99320320
0.508083,1.312816,0.510858,0.00677177,-0.02495834,-0.11403331,0.99314029
0.508037,1.312551,0.511318,0.00735666,-0.02564633,-0.11439998,0.99307643
0.508225,1.312355,0.511392,0.00699119,-0.02602244,-0.11502519,0.99299706
0.508412,1.312159,0.511466,0.00662572,-0.02639852,-0.11565031,0.99291703
0.508600,1.311964,0.511540,0.00626025,-0.02677459,-0.11627535,0.99283633
0.508732,1.312046,0.511608,0.00715898,-0.02718065,-0.11609152,0.99284073
0.508864,1.312129,0.511676,0.00805768,-0.02758667,-0.11590757,0.99284414
0.508996,1.312212,0.511744,0.00895644,-0.02799269,-0.11572349,0.99284655
0.509246,1.312491,0.511262,0.00914794,-0.02762475,-0.11568768,0.99285928
0.509496,1.312769,0.510780,0.00933944,-0.02725683,-0.11565185,0.99287184
0.509746,1.313048,0.510297,0.00953093,-0.02688889,-0.11561600,0.99288423
0.509316,1.314295,0.510598,0.00807056,-0.02755446,-0.11711660,0.99270304
0.508886,1.315542,0.510898,0.00661022,-0.02821987,-0.11861657,0.99251703
0.508456,1.316789,0.511198,0.00514969,-0.02888521,-0.12011611,0.99232618
0.507865,1.319696,0.511380,0.00349596,-0.02873953,-0.12488020,0.99174934
0.507274,1.322603,0.511562,0.00184205,-0.02859311,-0.12964130,0.99114690
0.506683,1.325509,0.511744,0.00018823,-0.02844596,-0.13439869,0.99051895
0.506056,1.331561,0.510469,-0.00052906,-0.02509731,-0.14159558,0.98960625
0.505429,1.337613,0.509193,-0.00124629,-0.02174718,-0.14878307,0.98862991
0.504802,1.343665,0.507918,-0.00196347,-0.01839550,-0.15596133,0.98758990
0.504531,1.350838,0.507267,-0.00213697,-0.01626763,-0.16565999,0.98604643
0.504260,1.358011,0.506617,-0.00231027,-0.01413797,-0.17534258,0.98440325
0.503989,1.365190,0.505966,-0.00248346,-0.01200531,-0.18501456,0.98265931
0.503697,1.371967,0.506993,-0.00249054,-0.01337653,-0.19614918,0.98047966
0.503405,1.378750,0.508021,-0.00249731,-0.01474702,-0.20726643,0.97817019
0.503114,1.385532,0.509049,-0.00250375,-0.01611553,-0.21835618,0.97573285
0.503332,1.391838,0.509375,-0.00299091,-0.01658023,-0.22910047,0.97325697
0.503550,1.398144,0.509701,-0.00347768,-0.01704287,-0.23981634,0.97066244
0.503769,1.404450,0.510027,-0.00396407,-0.01750348,-0.25050390,0.96794923
0.504439,1.410415,0.510321,-0.00444078,-0.01826861,-0.26065707,0.96524838
0.505109,1.416379,0.510615,-0.00491694,-0.01903163,-0.27078019,0.96244050
0.505780,1.422344,0.510908,-0.00539260,-0.01979260,-0.28087397,0.95952540
0.506638,1.428491,0.510400,-0.00612943,-0.01872254,-0.28970990,0.95691174
0.507497,1.434637,0.509891,-0.00686569,-0.01765094,-0.29852014,0.95421540
0.508355,1.440785,0.509382,-0.00760142,-0.01657771,-0.30730534,0.95143619
0.509064,1.445787,0.509430,-0.00792357,-0.01571644,-0.31494470,0.94894681
0.509772,1.450787,0.509478,-0.00824507,-0.01485451,-0.32256021,0.94639647
0.510481,1.455788,0.509527,-0.00856610,-0.01399139,-0.33015653,0.94378363
0.511572,1.459878,0.510164,-0.00871008,-0.01448147,-0.33675551,0.94144047
0.512663,1.463968,0.510801,-0.00885363,-0.01497085,-0.34333804,0.93905084
0.513755,1.468059,0.511439,-0.00899675,-0.01545953,-0.34990418,0.93661472
0.514830,1.472068,0.511066,-0.00837894,-0.01358168,-0.35441167,0.93495332
0.515905,1.476077,0.510692,-0.00776086,-0.01170330,-0.35890995,0.93326655
0.516981,1.480087,0.510319,-0.00714246,-0.00982431,-0.36339929,0.93155430
0.519273,1.484843,0.507186,-0.00461834,-0.00425485,-0.36552618,0.93077988
0.521566,1.489600,0.504053,-0.00209357,0.00131577,-0.36763791,0.92996573
0.523859,1.494356,0.500920,0.00043140,0.00688660,-0.36973410,0.92911199
0.524772,1.497796,0.500484,0.00151736,0.00804459,-0.37319552,0.92771660
0.525686,1.501237,0.500048,0.00260332,0.00920247,-0.37665091,0.92630590
0.526600,1.504677,0.499612,0.00368924,0.01036021,-0.38010010,0.92487997
0.526038,1.506223,0.501718,0.00213964,0.00655458,-0.38559727,0.92264143
0.525475,1.507768,0.503823,0.00059085,0.00275091,-0.39107105,0.92035619
0.524913,1.509314,0.505929,-0.00095844,-0.00105406,-0.39652612,0.91802233
0.524982,1.510549,0.505977,-0.00232121,-0.00199366,-0.40059303,0.91625098
0.525051,1.511783,0.506026,-0.00368384,-0.00293317,-0.40465072,0.91445919
0.525120,1.513018,0.506074,-0.00504646,-0.00387266,-0.40869956,0.91264681
0.525226,1.513692,0.505931,-0.00465680,-0.00233762,-0.41033355,0.91192063
0.525331,1.514366,0.505789,-0.00426711,-0.00080257,-0.41196521,0.91118923
0.525437,1.515040,0.505646,-0.00387737,0.00073258,-0.41359461,0.91045259
0.526061,1.515276,0.504310,-0.00335095,0.00186117,-0.41384776,0.91033804
0.526685,1.515512,0.502975,-0.00282454,0.00298969,-0.41410022,0.91022200
0.527309,1.515748,0.501640,-0.00229809,0.00411829,-0.41435202,0.91010448
0.527166,1.515053,0.502072,-0.00301490,0.00372710,-0.41514092,0.90974449
0.527024,1.514359,0.502505,-0.00373173,0.00333590,-0.41592926,0.90938320
0.526882,1.513664,0.502937,-0.00444855,0.00294468,-0.41671701,0.90902061
0.526680,1.513063,0.503615,-0.00529199,0.00243713,-0.41765597,0.90858656
0.526478,1.512463,0.504292,-0.00613543,0.00192956,-0.41859411,0.90815065
0.526276,1.511863,0.504970,-0.00697890,0.00142196,-0.41953144,0.90771287
0.527001,1.512253,0.504122,-0.00644199,0.00172114,-0.42002092,0.90748993
0.527725,1.512644,0.503275,-0.00590508,0.00202033,-0.42051012,0.90726638
0.528450,1.513035,0.502427,-0.00536782,0.00231970,-0.42099935,0.90704209
0.528443,1.513127,0.502934,-0.00485822,0.00161567,-0.42201870,0.90657267
0.528436,1.513219,0.503441,-0.00434833,0.00091125,-0.42303776,0.90610116
0.528429,1.513310,0.503948,-0.00383840,0.00020677,-0.42405605,0.90562779
0.527795,1.513851,0.504688,-0.00340816,-0.00042811,-0.42533122,0.90503124
0.527160,1.514391,0.505429,-0.00297790,-0.00106301,-0.42660534,0.90443236
0.526526,1.514932,0.506170,-0.00254763,-0.00169791,-0.42787838,0.90383113
0.525273,1.516907,0.506641,-0.00263968,-0.00221209,-0.43084555,0.90241911
0.524020,1.518882,0.507112,-0.00273174,-0.00272644,-0.43380908,0.90099655
0.522767,1.520856,0.507583,-0.00282371,-0.00324045,-0.43676603,0.89956487
0.521769,1.523970,0.507501,-0.00305565,-0.00353666,-0.44062779,0.89767773
0.520771,1.527084,0.507419,-0.00328746,-0.00383271,-0.44448018,0.89577446
0.519773,1.530198,0.507337,-0.00351927,-0.00412876,-0.44832527,0.89385403
0.519080,1.534327,0.506695,-0.00351739,-0.00428405,-0.45194315,0.89202952
0.518388,1.538458,0.506053,-0.00351544,-0.00443932,-0.45555477,0.89018975
0.517696,1.542587,0.505412,-0.00351344,-0.00459443,-0.45915670,0.88833646
0.516672,1.546424,0.504499,-0.00370679,-0.00387357,-0.46187444,0.88692912
0.515650,1.550259,0.503587,-0.00390001,-0.00315300,-0.46458630,0.88551364
0.514627,1.554096,0.502675,-0.00409323,-0.00243225,-0.46729415,0.88408908
0.513528,1.557969,0.501946,-0.00320056,-0.00065039,-0.46949353,0.88292987
0.512430,1.561842,0.501218,-0.00230784,0.00113153,-0.47168818,0.88176167
0.511331,1.565715,0.500490,-0.00141509,0.00291346,-0.47387808,0.88058451
0.508819,1.568555,0.501527,0.00044046,0.00362641,-0.47688186,0.87895981
0.506307,1.571395,0.502565,0.00229598,0.00433930,-0.47987814,0.87732142
0.503795,1.574235,0.503603,0.00415157,0.00505217,-0.48286711,0.87566923
0.501698,1.577093,0.503178,0.00510464,0.00452966,-0.48771473,0.87297638
0.499600,1.579952,0.502752,0.00605753,0.00400701,-0.49254675,0.87025568
0.497502,1.582810,0.502326,0.00701032,0.00348419,-0.49736345,0.86750696
0.496012,1.584569,0.503098,0.00645488,0.00296212,-0.50343830,0.86400199
0.494521,1.586328,0.503869,0.00589910,0.00243989,-0.50948828,0.86045392
0.493031,1.588087,0.504641,0.00534286,0.00191736,-0.51551484,0.85686185
0.491370,1.589663,0.504516,0.00327062,0.00117210,-0.52100902,0.85354410
0.489710,1.591240,0.504391,0.00119769,0.00042659,-0.52648067,0.85018615
0.488049,1.592816,0.504265,-0.00087536,-0.00031896,-0.53192821,0.84678894
0.486557,1.595373,0.504069,0.00004559,-0.00131703,-0.53644486,0.84393435
0.485066,1.597929,0.503874,0.00096652,-0.00231505,-0.54094517,0.84105412
0.483574,1.600486,0.503678,0.00188745,-0.00331304,-0.54542917,0.83814824
0.481529,1.602483,0.505102,0.00378886,-0.00367521,-0.54871764,0.83599108
0.479483,1.604480,0.506527,0.00569021,-0.00403731,-0.55199558,0.83381784
0.477437,1.606477,0.507951,0.00759147,-0.00439934,-0.55526295,0.83162857
0.476187,1.607637,0.507827,0.00623158,-0.00404296,-0.55742391,0.83019480
0.474936,1.608797,0.507704,0.00487176,-0.00368658,-0.55957981,0.82875395
0.473685,1.609958,0.507580,0.00351180,-0.00333014,-0.56173100,0.82730578
0.472643,1.611103,0.508324,0.00264913,-0.00265980,-0.56364229,0.82601046
0.471601,1.612248,0.509069,0.00178648,-0.00198947,-0.56554983,0.82470979
0.470560,1.613393,0.509813,0.00092382,-0.00131913,-0.56745367,0.82340375
0.470614,1.615806,0.507299,-0.00138553,0.00016616,-0.56773318,0.82321145
0.470667,1.618219,0.504785,-0.00369485,0.00165144,-0.56800834,0.82301285
0.470721,1.620632,0.502270,-0.00600417,0.00313672,-0.56827915,0.82280795
0.469614,1.622113,0.503839,-0.00643368,0.00274829,-0.57195446,0.82025554
0.468507,1.623595,0.505408,-0.00686306,0.00235980,-0.57561824,0.81768636
0.467400,1.625077,0.506976,-0.00729231,0.00197126,-0.57927024,0.81510056
0.466766,1.627210,0.506745,-0.00543270,-0.00196330,-0.58340718,0.81215928
0.466126,1.629363,0.506511,-0.00355561,-0.00593425,-0.58755603,0.80915391
0.465498,1.631477,0.506282,-0.00171275,-0.00983218,-0.59160284,0.80616777
0.465004,1.631725,0.506446,-0.00238782,-0.01131179,-0.59284098,0.80523656
0.464510,1.631973,0.506610,-0.00306287,-0.01279131,-0.59407610,0.80430130
0.464017,1.632221,0.506774,-0.00373795,-0.01427087,-0.59530831,0.80336193
0.469968,1.619926,0.500674,0.01248530,-0.00100135,-0.57639983,0.81707182
0.475922,1.607624,0.494571,0.02870438,0.01227580,-0.55691383,0.82998335
0.481870,1.595334,0.488474,0.04487930,0.02552786,-0.53689875,0.84206526
0.487820,1.583038,0.482373,0.06101768,0.03876103,-0.51634565,0.85332385
0.493771,1.570742,0.476273,0.07709620,0.05195624,-0.49528375,0.86374228
0.499723,1.558446,0.470173,0.09309977,0.06510106,-0.47373280,0.87331067
0.499182,1.557864,0.470776,0.09524620,0.06487538,-0.47442312,0.87272106
0.498642,1.557282,0.471379,0.09739218,0.06464933,-0.47511085,0.87212666
0.498102,1.556700,0.471982,0.09953852,0.06442283,-0.47579627,0.87152722
0.497657,1.556884,0.472866,0.09804403,0.06415937,-0.47662503,0.87126318
0.497211,1.557067,0.473751,0.09654878,0.06389563,-0.47745260,0.87099638
0.496766,1.557250,0.474635,0.09505314,0.06363168,-0.47827875,0.87072691
0.497277,1.557835,0.473519,0.09637215,0.06286946,-0.47839744,0.87057207
0.497787,1.558419,0.472403,0.09769004,0.06210760,-0.47851493,0.87041528
0.498298,1.559004,0.471287,0.09900824,0.06134530,-0.47863134,0.87025638
0.499199,1.559630,0.470352,0.09903607,0.06052480,-0.47826829,0.87051022
0.500100,1.560256,0.469418,0.09906381,0.05970421,-0.47790481,0.87076332
0.501001,1.560882,0.468483,0.09909147,0.05888352,-0.47754088,0.87101568
0.501326,1.560640,0.468681,0.09870582,0.05830030,-0.47800228,0.87084560
0.501651,1.560398,0.468878,0.09832040,0.05771750,-0.47846297,0.87067501
0.501976,1.560156,0.469076,0.09793474,0.05713439,-0.47892352,0.87050371
0.501630,1.559798,0.469850,0.09879650,0.05688851,-0.47967358,0.87000931
0.501283,1.559441,0.470625,0.09965827,0.05664250,-0.48042302,0.86951342
0.500937,1.559084,0.471400,0.10051957,0.05639649,-0.48117142,0.86901629
0.500890,1.557512,0.472432,0.10188029,0.05583944,-0.48161472,0.86864816
0.500843,1.555940,0.473465,0.10324072,0.05528225,-0.48205681,0.86827787
0.500797,1.554369,0.474498,0.10460092,0.05472493,-0.48249771,0.86790540
0.501280,1.554529,0.475935,0.10720226,0.05425358,-0.48318122,0.86723707
0.501763,1.554689,0.477372,0.10980278,0.05378180,-0.48386092,0.86656187
0.502247,1.554849,0.478810,0.11240258,0.05330957,-0.48453684,0.86587978
0.502961,1.556161,0.476426,0.11411139,0.05420993,-0.48459316,0.86556880
0.503676,1.557474,0.474041,0.11581980,0.05511009,-0.48464763,0.86525449
0.504391,1.558787,0.471657,0.11752777,0.05601005,-0.48470024,0.86493686
0.505093,1.558240,0.471071,0.11863388,0.05694573,-0.48465936,0.86474764
0.505796,1.557694,0.470484,0.11973976,0.05788132,-0.48461745,0.86455657
0.506498,1.557148,0.469898,0.12084540,0.05881679,-0.48457450,0.86436365
0.506821,1.557372,0.471148,0.11884294,0.05879271,-0.48557381,0.86408209
0.507144,1.557597,0.472397,0.11683978,0.05876833,-0.48657069,0.86379611
0.507467,1.557822,0.473647,0.11483509,0.05874365,-0.48756555,0.86350560
0.508829,1.559318,0.473612,0.10772606,0.05602027,-0.48944357,0.86354028
0.510191,1.560816,0.473577,0.10060680,0.05329207,-0.49129243,0.86352185
0.511553,1.562314,0.473542,0.09348153,0.05056066,-0.49311100,0.86345027
0.510228,1.561665,0.475010,0.09499719,0.04990645,-0.49241328,0.86372104
0.508904,1.561016,0.476477,0.09651255,0.04925208,-0.49171394,0.86398898
0.507579,1.560368,0.477945,0.09802765,0.04859751,-0.49101295,0.86425410
0.509212,1.561466,0.475678,0.10101628,0.05046742,-0.48871539,0.86510463
0.510844,1.562565,0.473410,0.10400319,0.05233649,-0.48640871,0.86593925
0.512477,1.563663,0.471143,0.10698820,0.05420460,-0.48409306,0.86675792
0.511044,1.562528,0.474685,0.10221851,0.05246704,-0.48370380,0.86765732
0.509611,1.561393,0.478227,0.09744613,0.05072808,-0.48330161,0.86853351
0.508178,1.560259,0.481770,0.09267110,0.04898776,-0.48288651,0.86938650
0.506984,1.560548,0.481813,0.09119009,0.04904715,-0.48381212,0.86902508
0.505792,1.560838,0.481856,0.08971049,0.04910632,-0.48473512,0.86866130
0.504599,1.561127,0.481899,0.08822978,0.04916536,-0.48565710,0.86829457
0.505300,1.563816,0.479822,0.08919557,0.04930292,-0.48698855,0.86744194
0.506001,1.566505,0.477745,0.09016103,0.04944031,-0.48831829,0.86658635
0.506703,1.569194,0.475668,0.09112626,0.04957754,-0.48964645,0.86572769
0.505982,1.567104,0.478987,0.09088578,0.05027850,-0.48991212,0.86556222
0.505260,1.565014,0.482306,0.09064521,0.05097950,-0.49017750,0.86539618
0.504540,1.562924,0.485625,0.09040463,0.05168036,-0.49044252,0.86522961
0.506577,1.560242,0.483515,0.09124995,0.05204045,-0.49249126,0.86395463
0.508614,1.557559,0.481405,0.09209468,0.05240020,-0.49453674,0.86267387
0.510651,1.554877,0.479294,0.09293882,0.05275960,-0.49657897,0.86138733
0.510651,1.554877,0.479294,0.09293882,0.05275960,-0.49657897,0.86138733
0.510651,1.554877,0.479294,0.09293882,0.05275960,-0.49657897,0.86138733
0.510651,1.554877,0.479294,0.09293882,0.05275960,-0.49657897,0.86138733
0.510651,1.554877,0.479294,0.09293882,0.05275960,-0.49657897,0.86138733
0.510651,1.554877,0.479294,0.09293882,0.05275960,-0.49657897,0.86138733
0.510651,1.554877,0.479294,0.09293882,0.05275960,-0.49657897,0.86138733
0.510651,1.554877,0.479294,0.09293882,0.05275960,-0.49657897,0.86138733
0.510651,1.554877,0.479294,0.09293882,0.05275960,-0.49657897,0.86138733
0.510651,1.554877,0.479294,0.09293882,0.05275960,-0.49657897,0.86138733
0.510651,1.554877,0.479294,0.09293882,0.05275960,-0.49657897,0.86138733
0.510651,1.554877,0.479294,0.09293882,0.05275960,-0.49657897,0.86138733
0.510651,1.554877,0.479294,0.09293882,0.05275960,-0.49657897,0.86138733
0.510651,1.554877,0.479294,0.09293882,0.05275960,-0.49657897,0.86138733
0.510651,1.554877,0.479294,0.09293882,0.05275960,-0.49657897,0.86138733
0.510651,1.554877,0.479294,0.09293882,0.05275960,-0.49657897,0.86138733
0.510651,1.554877,0.479294,0.09293882,0.05275960,-0.49657897,0.86138733
0.510651,1.554877,0.479294,0.09293882,0.05275960,-0.49657897,0.86138733
0.510651,1.554877,0.479294,0.09293882,0.05275960,-0.49657897,0.86138733
0.510651,1.554877,0.479294,0.09293882,0.05275960,-0.49657897,0.86138733
0.510651,1.554877,0.479294,0.09293882,0.05275960,-0.49657897,0.86138733
0.510651,1.554877,0.479294,0.09293882,0.05275960,-0.49657897,0.86138733
0.510651,1.554877,0.479294,0.09293882,0.05275960,-0.49657897,0.86138733
0.510651,1.554877,0.479294,0.09293882,0.05275960,-0.49657897,0.86138733
0.510651,1.554877,0.479294,0.09293882,0.05275960,-0.49657897,0.86138733
0.510651,1.554877,0.479294,0.09293882,0.05275960,-0.49657897,0.86138733
0.510651,1.554877,0.479294,0.09293882,0.05275960,-0.49657897,0.86138733
0.510651,1.554877,0.479294,0.09293882,0.05275960,-0.49657897,0.86138733
0.510651,1.554877,0.479294,0.09293882,0.05275960,-0.49657897,0.86138733
0.510651,1.554877,0.479294,0.09293882,0.05275960,-0.49657897,0.86138733
0.510651,1.554877,0.479294,0.09293882,0.05275960,-0.49657897,0.86138733
0.510651,1.554877,0.479294,0.09293882,0.05275960,-0.49657897,0.86138733
0.510651,1.554877,0.479294,0.09293882,0.05275960,-0.49657897,0.86138733
0.510651,1.554877,0.479294,0.09293882,0.05275960,-0.49657897,0.86138733
0.510651,1.554877,0.479294,0.09293882,0.05275960,-0.49657897,0.86138733
0.510651,1.554877,0.479294,0.09293882,0.05275960,-0.49657897,0.86138733
0.510651,1.554877,0.479294,0.09293882,0.05275960,-0.49657897,0.86138733
0.510651,1.554877,0.479294,0.09293882,0.05275960,-0.49657897,0.86138733
0.510651,1.554877,0.479294,0.09293882,0.05275960,-0.49657897,0.86138733
0.510651,1.554877,0.479294,0.09293882,0.05275960,-0.49657897,0.86138733
0.510651,1.554877,0.479294,0.09293882,0.05275960,-0.49657897,0.86138733
0.510651,1.554877,0.479294,0.09293882,0.05275960,-0.49657897,0.86138733
0.510651,1.554877,0.479294,0.09293882,0.05275960,-0.49657897,0.86138733
0.510651,1.554877,0.479294,0.09293882,0.05275960,-0.49657897,0.86138733
0.510651,1.554877,0.479294,0.09293882,0.05275960,-0.49657897,0.86138733
0.510651,1.554877,0.479294,0.09293882,0.05275960,-0.49657897,0.86138733
0.510651,1.554877,0.479294,0.09293882,0.05275960,-0.49657897,0.86138733
0.510651,1.554877,0.479294,0.09293882,0.05275960,-0.49657897,0.86138733
0.510651,1.554877,0.479294,0.09293882,0.05275960,-0.49657897,0.86138733
0.510651,1.554877,0.479294,0.09293882,0.05275960,-0.49657897,0.86138733
0.510651,1.554877,0.479294,0.09293882,0.05275960,-0.49657897,0.86138733
0.510651,1.554877,0.479294,0.09293882,0.05275960,-0.49657897,0.86138733
0.510651,1.554877,0.479294,0.09293882,0.05275960,-0.49657897,0.86138733
0.510651,1.554877,0.479294,0.09293882,0.05275960,-0.49657897,0.86138733
0.510651,1.554877,0.479294,0.09293882,0.05275960,-0.49657897,0.86138733
0.510651,1.554877,0.479294,0.09293882,0.05275960,-0.49657897,0.86138733
0.510651,1.554877,0.479294,0.09293882,0.05275960,-0.49657897,0.86138733
0.510651,1.554877,0.479294,0.09293882,0.05275960,-0.49657897,0.86138733
0.510651,1.554877,0.479294,0.09293882,0.05275960,-0.49657897,0.86138733
0.510651,1.554877,0.479294,0.09293882,0.05275960,-0.49657897,0.86138733
0.510651,1.554877,0.479294,0.09293882,0.05275960,-0.49657897,0.86138733
0.510651,1.554877,0.479294,0.09293882,0.05275960,-0.49657897,0.86138733
0.510651,1.554877,0.479294,0.09293882,0.05275960,-0.49657897,0.86138733
0.510651,1.554877,0.479294,0.09293882,0.05275960,-0.49657897,0.86138733
0.510651,1.554877,0.479294,0.09293882,0.05275960,-0.49657897,0.86138733
